<?xml version="1.0" encoding="UTF-8"?>
<beans xmlns:xsi="http://www.w3.org/2001/XMLSchema-instance"
  xmlns="http://www.springframework.org/schema/beans" xmlns:aop="http://www.springframework.org/schema/aop"
  xmlns:context="http://www.springframework.org/schema/context" xmlns:tx="http://www.springframework.org/schema/tx"
  xsi:schemaLocation="http://www.springframework.org/schema/beans 
     http://www.springframework.org/schema/beans/spring-beans-4.2.xsd
     http://www.springframework.org/schema/aop
     http://www.springframework.org/schema/aop/spring-aop-4.2.xsd
     http://www.springframework.org/schema/context
     http://www.springframework.org/schema/context/spring-context-4.2.xsd
     http://www.springframework.org/schema/tx
     http://www.springframework.org/schema/tx/spring-tx-4.2.xsd">  
     <!-- <import resource="spring-dao.xml"/>  -->
    <!-- 国际化的消息资源文件
        <bean id="messageSource" class="org.springframework.context.support.ReloadableResourceBundleMessageSource">  
            <property name="basenames">  
                <list>  
     -->  
                    <!-- 在web环境中一定要定位到classpath 否则默认到当前web应用下找  
                    <value>classpath:ApplicationResources</value>  
                </list>  
            </property>  
            <property name="defaultEncoding" value="UTF-8"/>  
            <property name="cacheSeconds" value="60"/>  
        </bean>  
                    -->
	<bean id="txManager"
		class="org.springframework.jdbc.datasource.DataSourceTransactionManager">
		<property name="dataSource"  ref="dataSource"/>
		
	</bean>
 	<!-- 开启注解事务 只对当前配置文件有效 
	-->	
	<!-- 
 -->	
	<!-- <tx:annotation-driven  transaction-manager="txManager"/> -->
 <!-- 开启AOP监听 只对当前配置文件有效 -->
  	<tx:advice id="txAdvice" transaction-manager="txManager">
	
        <tx:attributes>
            <tx:method name="add*" propagation="REQUIRED" />
            <tx:method name="update*" propagation="REQUIRED" />
            <tx:method name="del*" propagation="REQUIRED" />
            <tx:method name="clear*" propagation="REQUIRED" />
            <tx:method name="modi*" propagation="REQUIRED" />
            <tx:method name="merge*" propagation="REQUIRED" />
            
            <tx:method name="save*" propagation="REQUIRED" />
            <tx:method name="create*" propagation="REQUIRED" />
            <tx:method name="insert*" propagation="REQUIRED" />
            <tx:method name="remove*" propagation="REQUIRED" />
            <tx:method name="put*" propagation="REQUIRED" />
            <tx:method name="use*" propagation="REQUIRED"/> 
           
            <tx:method name="chk*" propagation="REQUIRED" read-only="true" />
            <tx:method name="mem*" propagation="REQUIRED" read-only="true" />
            <tx:method name="admin*" propagation="REQUIRED" read-only="true" />
            <tx:method name="load*" propagation="REQUIRED" read-only="true" />
            <tx:method name="browse*" propagation="REQUIRED" read-only="true" />
            <tx:method name="Retrieve*" propagation="REQUIRED" read-only="true" />
            <tx:method name="search*" propagation="REQUIRED" read-only="true" />
            <tx:method name="*" read-only="true" />
        </tx:attributes>
    </tx:advice>
    <aop:config>
        <aop:pointcut id="txPointcut" expression="execution(* com.nieyue.service..*.*(..))" />
        <aop:advisor pointcut-ref="txPointcut" advice-ref="txAdvice"/>
    </aop:config> 
 	</beans>