<?xml version="1.0" encoding="UTF-8"?>
<beans xmlns="http://www.springframework.org/schema/beans"
	xmlns:aop="http://www.springframework.org/schema/aop" 
	xmlns:tx="http://www.springframework.org/schema/tx"
	xmlns:xsi="http://www.w3.org/2001/XMLSchema-instance"
	xmlns:context="http://www.springframework.org/schema/context"
	xsi:schemaLocation="http://www.springframework.org/schema/beans 
	http://www.springframework.org/schema/beans/spring-beans-4.2.xsd 
	http://www.springframework.org/schema/aop 
	http://www.springframework.org/schema/aop/spring-aop-4.2.xsd 
	http://www.springframework.org/schema/tx  
	http://www.springframework.org/schema/tx/spring-tx-4.2.xsd 
	http://www.springframework.org/schema/context
	http://www.springframework.org/schema/context/spring-context-4.2.xsd">
	<!-- 扫描注解Bean -->
   <context:component-scan base-package="com.nieyue" annotation-config="true">
    <!--  将controller排除在外，意味着这个时候不初始化controller  -->
        <context:exclude-filter type="annotation" expression="org.springframework.stereotype.Controller"/>
   </context:component-scan>
     <!-- 配置数据源  -->
    <!-- <context:property-placeholder location="classpath:config/jdbc.properties"/> -->
    <bean  class="org.springframework.beans.factory.config.PropertyPlaceholderConfigurer">         
    <property name="location" value="classpath:config/jdbc.properties"/>         
</bean> 
    <bean id="dataSource" class="com.mchange.v2.c3p0.ComboPooledDataSource" >
        <!-- 加载数据库驱动及用户名等基本信息 -->
        <property name="driverClass" value="${driverClass}"/>
        <property name="jdbcUrl" value="${jdbcUrl}"/>
        <property name="user" value="${user}"/>
        <property name="password" value="${password}"/>
        <!-- 数据库连接中的基本数据配置 -->
	<property name="minPoolSize" value="2" />
	<property name="maxPoolSize" value="1000" />
	<property name="initialPoolSize" value="2" />
	<property name="acquireIncrement" value="15" />
	<property name="idleConnectionTestPeriod" value="10" />
	<property name="maxStatements" value="0" />
	<property name="acquireRetryAttempts" value="5" />
    </bean>
    
    <!--   配置SQLSessionFactoryBean -->
    <bean id="sqlSessionFactory" class="org.mybatis.spring.SqlSessionFactoryBean">  
    <property name="dataSource" ref="dataSource" />
    <property name="configLocation"  value="classpath:config/mybatis-config.xml"></property>
    <!-- 设置别名-->
 	 <property name="typeAliasesPackage" value="com.nieyue.bean"></property> 
    <!--扫描sql配置文件，mapper需要的xml文件 -->
 	 <property name="mapperLocations" value="classpath:config/mapper/*.xml"></property>
 </bean>  
	   <bean id="sqlSession" class="org.mybatis.spring.SqlSessionTemplate">
		<constructor-arg index="0" ref="sqlSessionFactory" />
	 
		<constructor-arg index="1" value="BATCH" />
	
	</bean>  
	
<!-- 自动配置Dao -->
  <bean class="org.mybatis.spring.mapper.MapperScannerConfigurer">
   		<property name="sqlSessionFactoryBeanName" value="sqlSessionFactory"></property> 
		<property name="basePackage" value="com.nieyue.dao"/>
  </bean>
	<bean id="txManager"
		class="org.springframework.jdbc.datasource.DataSourceTransactionManager">
		<property name="dataSource"  ref="dataSource"/>
		
	</bean>
 	<!-- 开启注解事务 只对当前配置文件有效 
	-->	
	<!-- 
	<tx:annotation-driven  transaction-manager="txManager"/>
 -->	
 <!-- 开启AOP监听 只对当前配置文件有效 -->
  	 <tx:advice id="txAdvice" transaction-manager="txManager">
	
        <tx:attributes>
            <tx:method name="add*" propagation="REQUIRED" />
            <tx:method name="update*" propagation="REQUIRED" />
            <tx:method name="del*" propagation="REQUIRED" />
            <tx:method name="clear*" propagation="REQUIRED" />
            <tx:method name="modi*" propagation="REQUIRED" />
            <tx:method name="merge*" propagation="REQUIRED" />
            
            <tx:method name="save*" propagation="REQUIRED" />
            <tx:method name="create*" propagation="REQUIRED" />
            <tx:method name="insert*" propagation="REQUIRED" />
            <tx:method name="remove*" propagation="REQUIRED" />
            <tx:method name="put*" propagation="REQUIRED" />
            <tx:method name="use*" propagation="REQUIRED"/> 
           
           
            
            <tx:method name="chk*" propagation="REQUIRED" read-only="true" />
            <tx:method name="mem*" propagation="REQUIRED" read-only="true" />
            <tx:method name="admin*" propagation="REQUIRED" read-only="true" />
            <tx:method name="load*" propagation="REQUIRED" read-only="true" />
            <tx:method name="browse*" propagation="REQUIRED" read-only="true" />
            <tx:method name="Retrieve*" propagation="REQUIRED" read-only="true" />
            <tx:method name="search*" propagation="REQUIRED" read-only="true" />
            <tx:method name="*" read-only="true" />
        </tx:attributes>
    </tx:advice>
    <aop:config>
        <aop:pointcut id="txPointcut" expression="execution(* com.nieyue.service..*.*(..))" />
        <aop:advisor pointcut-ref="txPointcut" advice-ref="txAdvice"/>
    </aop:config>
</beans>
