<?xml version="1.0" encoding="UTF-8"?>
<!DOCTYPE mapper
		PUBLIC "-//mybatis.org//DTD Mapper 3.0//EN"   
		"http://mybatis.org/dtd/mybatis-3-mapper.dtd">  
<mapper namespace="com.nieyue.dao.MerDao">
<!-- 添加商品 -->
<insert id="addMer" parameterType="Mer" flushCache="true"  >  
   INSERT IGNORE INTO
   		mer_tb 
   		 (mer_thumb_img,mer_title,mer_person,mer_old_price,mer_price,mer_stock,
   		 <if test="merDiscount!=null">mer_discount,</if>
   		 <if test="merPostage!=null">mer_postage,</if>
   		 <if test="merUpdateTime!=null">mer_update_time,</if>
   		 <if test="merStatus!=null">mer_status,</if>
   		 seller_id)
   VALUES
    	 (#{merThumbImg},#{merTitle},#{merPerson},#{merOldPrice},#{merPrice},#{merStock},
    	 <if test="merDiscount!=null">#{merDiscount},</if>
    	 <if test="merPostage!=null">#{merPostage},</if>
    	 <if test="merUpdateTime!=null">#{merUpdateTime},</if>
    	 <if test="merStatus!=null">#{merStatus},</if>
    	 #{sellerId})  
</insert>  
<!-- 更新商品 -->
<update id="updateMer" parameterType="Mer" >  
    UPDATE 
    	mer_tb 
    SET 
    	mer_thumb_img=#{merThumbImg},
    	mer_title=#{merTitle},
    	mer_person=#{merPerson},
    	mer_old_price=#{merOldPrice},
    	mer_price=#{merPrice},
    	mer_stock=#{merStock},
    	mer_discount=#{merDiscount},
    	mer_postage=#{merPostage},
    	mer_update_time=#{merUpdateTime},
    	mer_status=#{merStatus},
    	seller_id=#{sellerId}
    WHERE
    	 mer_id=#{merId}  
</update> 
<!-- 删除商品-->
<delete id="delMer"  parameterType="Integer" >  
    DELETE FROM
    	 mer_tb WHERE mer_id=#{merId}
</delete>  
<!-- 加载单个商品-->
<select id="loadMer" parameterType="Integer" resultType="Mer" >
SELECT 
	 mer_id,
	 mer_thumb_img,
     mer_title,
     mer_person,
     mer_old_price,
     mer_price,
     mer_stock,
     mer_discount,
     mer_postage,
     mer_update_time,
     mer_status,
     seller_id
FROM mer_tb 
WHERE mer_id=#{merId}
</select>
<!-- 分页查询商品 -->
<select id="browsePagingMer" resultType="Mer">  
    SELECT
	       mer_id,
		   mer_thumb_img,
		   mer_title,
		   mer_person,
		   mer_old_price,
		   mer_price,
		   mer_stock,
		   mer_discount,
		   mer_postage,
		   mer_update_time,
		   mer_status,
		   seller_id
	FROM mer_tb
	WHERE mer_status=#{merStatus}
	ORDER BY
		${orderName}  ${orderWay}
	LIMIT
		#{pageNum},#{pageSize}
</select>
<!-- 查询所有商品 -->
<select id="browseMer" resultType="Mer">  
    SELECT
       mer_id,
	   mer_thumb_img,
	   mer_title,
	   mer_person,
	   mer_old_price,
	   mer_price,
	   mer_stock,
	   mer_discount,
	   mer_postage,
	   mer_update_time,
	   mer_status,
	   seller_id
	FROM mer_tb
	WHERE mer_status=#{merStatus}
	ORDER BY
		${orderName} ${orderWay}
</select>    
<!-- 后台检索商品（按商品模糊名称） -->
<select id="searchMer" parameterType="String" resultType="Mer">  
    SELECT
       mer_id,
	   mer_thumb_img,
	   mer_title,
	   mer_person,
	   mer_old_price,
	   mer_price,
	   mer_stock,
	   mer_discount,
	   mer_postage,
	   mer_update_time,
	   mer_status,
	   seller_id  
	FROM mer_tb
	WHERE mer_title LIKE '%' #{merTitle} '%'
</select>    
<!-- 统计记录条数 -->
<select id="countRecord" parameterType="Integer"  resultType="int">  
	SELECT
	 	count(mer_id)
	FROM mer_tb
	WHERE mer_status=#{merStatus}
</select>    
 
</mapper>