<?xml version="1.0" encoding="UTF-8"?>
<!DOCTYPE mapper
		PUBLIC "-//mybatis.org//DTD Mapper 3.0//EN"   
		"http://mybatis.org/dtd/mybatis-3-mapper.dtd">  
<mapper namespace="com.nieyue.dao.MerImgDao">
<!-- 添加商品图片-->
<insert id="addMerImg" parameterType="MerImg" flushCache="true" >  
   INSERT IGNORE INTO
   		 mer_img_tb (mer_img_address,
   		 <if test="merImgUpdateTime!=null">mer_img_update_time,</if>
   		 mer_id)
   VALUES
    	 (#{merImgAddress},
   		 <if test="merImgUpdateTime!=null">#{merImgUpdateTime},</if>
    	 #{merId})  
</insert>  
<!-- 更新商品图片 -->
<update id="updateMerImg" parameterType="MerImg" >  
    UPDATE 
    	mer_img_tb 
    SET 
    	mer_img_address=#{merImgAddress},
    	mer_img_update_time=#{merImgUpdateTime},
    	mer_id=#{merId}
    WHERE
    	 mer_img_id=#{merImgId}  
</update> 
<!-- 删除指定的商品 图片-->
<delete id="delMerImg"  parameterType="Integer" >  
    DELETE FROM
    	 mer_img_tb WHERE mer_img_id=#{merImgId}
</delete>  
<!-- 加载单个商品图片-->
<select id="loadMerImg" parameterType="Integer" resultType="MerImg" >
SELECT 
	 mer_img_id,
	 mer_img_address,
     mer_img_update_time,
     mer_id
FROM mer_img_tb 
WHERE mer_img_id=#{merImgId}
</select>
<!-- 根据图片地址加载单个商品图片-->
<select id="loadMerImgByAddress" parameterType="String" resultType="MerImg" >
SELECT 
	 mer_img_id,
	 mer_img_address,
     mer_img_update_time,
     mer_id
FROM mer_img_tb 
WHERE mer_img_address=#{merImgAddress}
</select>
<!-- 分页浏览商品图片-->
<select id="browsePagingMerImg" resultType="MerImg">  
    SELECT
	      mer_img_id,
		  mer_img_address,
     	  mer_img_update_time,
   		  mer_id
	FROM mer_img_tb
	WHERE mer_id=#{merId}
	ORDER BY
		${orderName}  ${orderWay}
	LIMIT
		#{pageNum},#{pageSize}
</select>
<!-- 查询所有商品图片 -->
<select id="browseMerImg" resultType="MerImg">  
    SELECT
          mer_img_id,
		  mer_img_address,
     	  mer_img_update_time,
   		  mer_id
	FROM mer_img_tb
	WHERE mer_id=#{merId}
	ORDER BY
		${orderName} ${orderWay}
</select>    
</mapper>